Prediction,Accuracy,Image
birch,61.99%,/content/drive/My Drive/CNN_lager_dataset/images_tobeclassified/unlabeled-images/tree_0.png
birch,72.64%,/content/drive/My Drive/CNN_lager_dataset/images_tobeclassified/unlabeled-images/tree_1.png
birch,72.83%,/content/drive/My Drive/CNN_lager_dataset/images_tobeclassified/unlabeled-images/tree_10.png
birch,51.78%,/content/drive/My Drive/CNN_lager_dataset/images_tobeclassified/unlabeled-images/tree_100.png
birch,65.25%,/content/drive/My Drive/CNN_lager_dataset/images_tobeclassified/unlabeled-images/tree_101.png
birch,57.07%,/content/drive/My Drive/CNN_lager_dataset/images_tobeclassified/unlabeled-images/tree_102.png
birch,69.34%,/content/drive/My Drive/CNN_lager_dataset/images_tobeclassified/unlabeled-images/tree_103.png
birch,66.76%,/content/drive/My Drive/CNN_lager_dataset/images_tobeclassified/unlabeled-images/tree_104.png
birch,58.48%,/content/drive/My Drive/CNN_lager_dataset/images_tobeclassified/unlabeled-images/tree_105.png
birch,62.68%,/content/drive/My Drive/CNN_lager_dataset/images_tobeclassified/unlabeled-images/tree_106.png
birch,56.92%,/content/drive/My Drive/CNN_lager_dataset/images_tobeclassified/unlabeled-images/tree_107.png
birch,75.20%,/content/drive/My Drive/CNN_lager_dataset/images_tobeclassified/unlabeled-images/tree_108.png
birch,65.80%,/content/drive/My Drive/CNN_lager_dataset/images_tobeclassified/unlabeled-images/tree_109.png
birch,73.78%,/content/drive/My Drive/CNN_lager_dataset/images_tobeclassified/unlabeled-images/tree_11.png
birch,78.87%,/content/drive/My Drive/CNN_lager_dataset/images_tobeclassified/unlabeled-images/tree_110.png
birch,56.56%,/content/drive/My Drive/CNN_lager_dataset/images_tobeclassified/unlabeled-images/tree_111.png
birch,67.29%,/content/drive/My Drive/CNN_lager_dataset/images_tobeclassified/unlabeled-images/tree_112.png
birch,70.57%,/content/drive/My Drive/CNN_lager_dataset/images_tobeclassified/unlabeled-images/tree_113.png
birch,52.07%,/content/drive/My Drive/CNN_lager_dataset/images_tobeclassified/unlabeled-images/tree_114.png
birch,64.41%,/content/drive/My Drive/CNN_lager_dataset/images_tobeclassified/unlabeled-images/tree_115.png
spruce,55.50%,/content/drive/My Drive/CNN_lager_dataset/images_tobeclassified/unlabeled-images/tree_116.png
birch,64.14%,/content/drive/My Drive/CNN_lager_dataset/images_tobeclassified/unlabeled-images/tree_117.png
birch,66.43%,/content/drive/My Drive/CNN_lager_dataset/images_tobeclassified/unlabeled-images/tree_118.png
birch,56.86%,/content/drive/My Drive/CNN_lager_dataset/images_tobeclassified/unlabeled-images/tree_119.png
birch,54.08%,/content/drive/My Drive/CNN_lager_dataset/images_tobeclassified/unlabeled-images/tree_12.png
birch,51.64%,/content/drive/My Drive/CNN_lager_dataset/images_tobeclassified/unlabeled-images/tree_120.png
birch,69.32%,/content/drive/My Drive/CNN_lager_dataset/images_tobeclassified/unlabeled-images/tree_121.png
birch,57.68%,/content/drive/My Drive/CNN_lager_dataset/images_tobeclassified/unlabeled-images/tree_122.png
birch,72.75%,/content/drive/My Drive/CNN_lager_dataset/images_tobeclassified/unlabeled-images/tree_123.png
birch,55.70%,/content/drive/My Drive/CNN_lager_dataset/images_tobeclassified/unlabeled-images/tree_124.png
birch,73.29%,/content/drive/My Drive/CNN_lager_dataset/images_tobeclassified/unlabeled-images/tree_125.png
birch,78.62%,/content/drive/My Drive/CNN_lager_dataset/images_tobeclassified/unlabeled-images/tree_126.png
birch,84.77%,/content/drive/My Drive/CNN_lager_dataset/images_tobeclassified/unlabeled-images/tree_127.png
birch,79.71%,/content/drive/My Drive/CNN_lager_dataset/images_tobeclassified/unlabeled-images/tree_128.png
birch,61.77%,/content/drive/My Drive/CNN_lager_dataset/images_tobeclassified/unlabeled-images/tree_129.png
birch,54.80%,/content/drive/My Drive/CNN_lager_dataset/images_tobeclassified/unlabeled-images/tree_13.png
birch,63.50%,/content/drive/My Drive/CNN_lager_dataset/images_tobeclassified/unlabeled-images/tree_130.png
birch,65.88%,/content/drive/My Drive/CNN_lager_dataset/images_tobeclassified/unlabeled-images/tree_131.png
spruce,50.25%,/content/drive/My Drive/CNN_lager_dataset/images_tobeclassified/unlabeled-images/tree_132.png
birch,81.00%,/content/drive/My Drive/CNN_lager_dataset/images_tobeclassified/unlabeled-images/tree_133.png
birch,55.80%,/content/drive/My Drive/CNN_lager_dataset/images_tobeclassified/unlabeled-images/tree_134.png
birch,65.00%,/content/drive/My Drive/CNN_lager_dataset/images_tobeclassified/unlabeled-images/tree_135.png
birch,62.49%,/content/drive/My Drive/CNN_lager_dataset/images_tobeclassified/unlabeled-images/tree_136.png
spruce,55.92%,/content/drive/My Drive/CNN_lager_dataset/images_tobeclassified/unlabeled-images/tree_137.png
spruce,55.14%,/content/drive/My Drive/CNN_lager_dataset/images_tobeclassified/unlabeled-images/tree_138.png
birch,52.49%,/content/drive/My Drive/CNN_lager_dataset/images_tobeclassified/unlabeled-images/tree_139.png
birch,68.88%,/content/drive/My Drive/CNN_lager_dataset/images_tobeclassified/unlabeled-images/tree_14.png
birch,56.32%,/content/drive/My Drive/CNN_lager_dataset/images_tobeclassified/unlabeled-images/tree_140.png
birch,59.72%,/content/drive/My Drive/CNN_lager_dataset/images_tobeclassified/unlabeled-images/tree_141.png
spruce,52.45%,/content/drive/My Drive/CNN_lager_dataset/images_tobeclassified/unlabeled-images/tree_142.png
birch,53.45%,/content/drive/My Drive/CNN_lager_dataset/images_tobeclassified/unlabeled-images/tree_143.png
birch,59.44%,/content/drive/My Drive/CNN_lager_dataset/images_tobeclassified/unlabeled-images/tree_144.png
spruce,51.25%,/content/drive/My Drive/CNN_lager_dataset/images_tobeclassified/unlabeled-images/tree_145.png
birch,56.72%,/content/drive/My Drive/CNN_lager_dataset/images_tobeclassified/unlabeled-images/tree_146.png
spruce,57.84%,/content/drive/My Drive/CNN_lager_dataset/images_tobeclassified/unlabeled-images/tree_147.png
birch,53.08%,/content/drive/My Drive/CNN_lager_dataset/images_tobeclassified/unlabeled-images/tree_148.png
birch,59.67%,/content/drive/My Drive/CNN_lager_dataset/images_tobeclassified/unlabeled-images/tree_149.png
birch,71.13%,/content/drive/My Drive/CNN_lager_dataset/images_tobeclassified/unlabeled-images/tree_15.png
birch,65.49%,/content/drive/My Drive/CNN_lager_dataset/images_tobeclassified/unlabeled-images/tree_150.png
birch,50.31%,/content/drive/My Drive/CNN_lager_dataset/images_tobeclassified/unlabeled-images/tree_151.png
spruce,56.76%,/content/drive/My Drive/CNN_lager_dataset/images_tobeclassified/unlabeled-images/tree_152.png
spruce,56.00%,/content/drive/My Drive/CNN_lager_dataset/images_tobeclassified/unlabeled-images/tree_153.png
birch,54.56%,/content/drive/My Drive/CNN_lager_dataset/images_tobeclassified/unlabeled-images/tree_154.png
spruce,51.59%,/content/drive/My Drive/CNN_lager_dataset/images_tobeclassified/unlabeled-images/tree_155.png
birch,50.02%,/content/drive/My Drive/CNN_lager_dataset/images_tobeclassified/unlabeled-images/tree_156.png
birch,50.01%,/content/drive/My Drive/CNN_lager_dataset/images_tobeclassified/unlabeled-images/tree_157.png
birch,59.30%,/content/drive/My Drive/CNN_lager_dataset/images_tobeclassified/unlabeled-images/tree_158.png
spruce,52.20%,/content/drive/My Drive/CNN_lager_dataset/images_tobeclassified/unlabeled-images/tree_159.png
birch,66.00%,/content/drive/My Drive/CNN_lager_dataset/images_tobeclassified/unlabeled-images/tree_16.png
birch,50.99%,/content/drive/My Drive/CNN_lager_dataset/images_tobeclassified/unlabeled-images/tree_160.png
spruce,53.13%,/content/drive/My Drive/CNN_lager_dataset/images_tobeclassified/unlabeled-images/tree_161.png
spruce,57.28%,/content/drive/My Drive/CNN_lager_dataset/images_tobeclassified/unlabeled-images/tree_162.png
birch,63.27%,/content/drive/My Drive/CNN_lager_dataset/images_tobeclassified/unlabeled-images/tree_163.png
spruce,51.51%,/content/drive/My Drive/CNN_lager_dataset/images_tobeclassified/unlabeled-images/tree_164.png
birch,53.61%,/content/drive/My Drive/CNN_lager_dataset/images_tobeclassified/unlabeled-images/tree_165.png
spruce,52.36%,/content/drive/My Drive/CNN_lager_dataset/images_tobeclassified/unlabeled-images/tree_166.png
birch,59.23%,/content/drive/My Drive/CNN_lager_dataset/images_tobeclassified/unlabeled-images/tree_167.png
spruce,53.60%,/content/drive/My Drive/CNN_lager_dataset/images_tobeclassified/unlabeled-images/tree_168.png
birch,71.64%,/content/drive/My Drive/CNN_lager_dataset/images_tobeclassified/unlabeled-images/tree_169.png
birch,62.17%,/content/drive/My Drive/CNN_lager_dataset/images_tobeclassified/unlabeled-images/tree_17.png
spruce,52.88%,/content/drive/My Drive/CNN_lager_dataset/images_tobeclassified/unlabeled-images/tree_170.png
spruce,53.96%,/content/drive/My Drive/CNN_lager_dataset/images_tobeclassified/unlabeled-images/tree_171.png
birch,57.68%,/content/drive/My Drive/CNN_lager_dataset/images_tobeclassified/unlabeled-images/tree_172.png
birch,63.89%,/content/drive/My Drive/CNN_lager_dataset/images_tobeclassified/unlabeled-images/tree_173.png
birch,66.64%,/content/drive/My Drive/CNN_lager_dataset/images_tobeclassified/unlabeled-images/tree_174.png
spruce,50.60%,/content/drive/My Drive/CNN_lager_dataset/images_tobeclassified/unlabeled-images/tree_175.png
spruce,56.87%,/content/drive/My Drive/CNN_lager_dataset/images_tobeclassified/unlabeled-images/tree_176.png
birch,51.74%,/content/drive/My Drive/CNN_lager_dataset/images_tobeclassified/unlabeled-images/tree_177.png
spruce,50.78%,/content/drive/My Drive/CNN_lager_dataset/images_tobeclassified/unlabeled-images/tree_178.png
birch,73.60%,/content/drive/My Drive/CNN_lager_dataset/images_tobeclassified/unlabeled-images/tree_179.png
birch,58.14%,/content/drive/My Drive/CNN_lager_dataset/images_tobeclassified/unlabeled-images/tree_18.png
birch,75.37%,/content/drive/My Drive/CNN_lager_dataset/images_tobeclassified/unlabeled-images/tree_180.png
spruce,51.31%,/content/drive/My Drive/CNN_lager_dataset/images_tobeclassified/unlabeled-images/tree_181.png
spruce,50.06%,/content/drive/My Drive/CNN_lager_dataset/images_tobeclassified/unlabeled-images/tree_182.png
birch,52.04%,/content/drive/My Drive/CNN_lager_dataset/images_tobeclassified/unlabeled-images/tree_183.png
spruce,49.75%,/content/drive/My Drive/CNN_lager_dataset/images_tobeclassified/unlabeled-images/tree_184.png
birch,58.39%,/content/drive/My Drive/CNN_lager_dataset/images_tobeclassified/unlabeled-images/tree_185.png
birch,62.20%,/content/drive/My Drive/CNN_lager_dataset/images_tobeclassified/unlabeled-images/tree_186.png
spruce,50.55%,/content/drive/My Drive/CNN_lager_dataset/images_tobeclassified/unlabeled-images/tree_187.png
spruce,52.68%,/content/drive/My Drive/CNN_lager_dataset/images_tobeclassified/unlabeled-images/tree_188.png
birch,53.67%,/content/drive/My Drive/CNN_lager_dataset/images_tobeclassified/unlabeled-images/tree_189.png
birch,62.82%,/content/drive/My Drive/CNN_lager_dataset/images_tobeclassified/unlabeled-images/tree_19.png
spruce,51.64%,/content/drive/My Drive/CNN_lager_dataset/images_tobeclassified/unlabeled-images/tree_190.png
birch,90.88%,/content/drive/My Drive/CNN_lager_dataset/images_tobeclassified/unlabeled-images/tree_191.png
birch,61.33%,/content/drive/My Drive/CNN_lager_dataset/images_tobeclassified/unlabeled-images/tree_192.png
birch,64.23%,/content/drive/My Drive/CNN_lager_dataset/images_tobeclassified/unlabeled-images/tree_193.png
birch,61.82%,/content/drive/My Drive/CNN_lager_dataset/images_tobeclassified/unlabeled-images/tree_194.png
spruce,52.90%,/content/drive/My Drive/CNN_lager_dataset/images_tobeclassified/unlabeled-images/tree_195.png
birch,61.84%,/content/drive/My Drive/CNN_lager_dataset/images_tobeclassified/unlabeled-images/tree_196.png
birch,52.18%,/content/drive/My Drive/CNN_lager_dataset/images_tobeclassified/unlabeled-images/tree_197.png
birch,57.21%,/content/drive/My Drive/CNN_lager_dataset/images_tobeclassified/unlabeled-images/tree_198.png
spruce,50.11%,/content/drive/My Drive/CNN_lager_dataset/images_tobeclassified/unlabeled-images/tree_199.png
birch,71.83%,/content/drive/My Drive/CNN_lager_dataset/images_tobeclassified/unlabeled-images/tree_2.png
birch,74.07%,/content/drive/My Drive/CNN_lager_dataset/images_tobeclassified/unlabeled-images/tree_20.png
spruce,47.80%,/content/drive/My Drive/CNN_lager_dataset/images_tobeclassified/unlabeled-images/tree_200.png
birch,60.79%,/content/drive/My Drive/CNN_lager_dataset/images_tobeclassified/unlabeled-images/tree_201.png
birch,58.75%,/content/drive/My Drive/CNN_lager_dataset/images_tobeclassified/unlabeled-images/tree_202.png
spruce,52.64%,/content/drive/My Drive/CNN_lager_dataset/images_tobeclassified/unlabeled-images/tree_203.png
birch,59.94%,/content/drive/My Drive/CNN_lager_dataset/images_tobeclassified/unlabeled-images/tree_204.png
birch,53.91%,/content/drive/My Drive/CNN_lager_dataset/images_tobeclassified/unlabeled-images/tree_205.png
birch,52.64%,/content/drive/My Drive/CNN_lager_dataset/images_tobeclassified/unlabeled-images/tree_206.png
birch,55.54%,/content/drive/My Drive/CNN_lager_dataset/images_tobeclassified/unlabeled-images/tree_207.png
birch,52.18%,/content/drive/My Drive/CNN_lager_dataset/images_tobeclassified/unlabeled-images/tree_208.png
birch,57.34%,/content/drive/My Drive/CNN_lager_dataset/images_tobeclassified/unlabeled-images/tree_209.png
birch,60.93%,/content/drive/My Drive/CNN_lager_dataset/images_tobeclassified/unlabeled-images/tree_21.png
spruce,48.41%,/content/drive/My Drive/CNN_lager_dataset/images_tobeclassified/unlabeled-images/tree_210.png
spruce,53.94%,/content/drive/My Drive/CNN_lager_dataset/images_tobeclassified/unlabeled-images/tree_211.png
birch,51.46%,/content/drive/My Drive/CNN_lager_dataset/images_tobeclassified/unlabeled-images/tree_212.png
spruce,54.14%,/content/drive/My Drive/CNN_lager_dataset/images_tobeclassified/unlabeled-images/tree_213.png
birch,64.21%,/content/drive/My Drive/CNN_lager_dataset/images_tobeclassified/unlabeled-images/tree_214.png
spruce,45.22%,/content/drive/My Drive/CNN_lager_dataset/images_tobeclassified/unlabeled-images/tree_215.png
birch,52.53%,/content/drive/My Drive/CNN_lager_dataset/images_tobeclassified/unlabeled-images/tree_216.png
spruce,51.92%,/content/drive/My Drive/CNN_lager_dataset/images_tobeclassified/unlabeled-images/tree_217.png
spruce,47.80%,/content/drive/My Drive/CNN_lager_dataset/images_tobeclassified/unlabeled-images/tree_218.png
birch,55.42%,/content/drive/My Drive/CNN_lager_dataset/images_tobeclassified/unlabeled-images/tree_219.png
birch,61.22%,/content/drive/My Drive/CNN_lager_dataset/images_tobeclassified/unlabeled-images/tree_22.png
birch,50.96%,/content/drive/My Drive/CNN_lager_dataset/images_tobeclassified/unlabeled-images/tree_220.png
spruce,52.64%,/content/drive/My Drive/CNN_lager_dataset/images_tobeclassified/unlabeled-images/tree_221.png
birch,56.32%,/content/drive/My Drive/CNN_lager_dataset/images_tobeclassified/unlabeled-images/tree_222.png
birch,55.16%,/content/drive/My Drive/CNN_lager_dataset/images_tobeclassified/unlabeled-images/tree_223.png
birch,59.69%,/content/drive/My Drive/CNN_lager_dataset/images_tobeclassified/unlabeled-images/tree_224.png
birch,65.14%,/content/drive/My Drive/CNN_lager_dataset/images_tobeclassified/unlabeled-images/tree_225.png
birch,58.84%,/content/drive/My Drive/CNN_lager_dataset/images_tobeclassified/unlabeled-images/tree_226.png
birch,56.37%,/content/drive/My Drive/CNN_lager_dataset/images_tobeclassified/unlabeled-images/tree_227.png
spruce,52.24%,/content/drive/My Drive/CNN_lager_dataset/images_tobeclassified/unlabeled-images/tree_228.png
birch,62.85%,/content/drive/My Drive/CNN_lager_dataset/images_tobeclassified/unlabeled-images/tree_229.png
birch,66.36%,/content/drive/My Drive/CNN_lager_dataset/images_tobeclassified/unlabeled-images/tree_23.png
birch,67.77%,/content/drive/My Drive/CNN_lager_dataset/images_tobeclassified/unlabeled-images/tree_230.png
spruce,50.10%,/content/drive/My Drive/CNN_lager_dataset/images_tobeclassified/unlabeled-images/tree_231.png
birch,53.67%,/content/drive/My Drive/CNN_lager_dataset/images_tobeclassified/unlabeled-images/tree_232.png
birch,53.32%,/content/drive/My Drive/CNN_lager_dataset/images_tobeclassified/unlabeled-images/tree_233.png
birch,55.45%,/content/drive/My Drive/CNN_lager_dataset/images_tobeclassified/unlabeled-images/tree_234.png
birch,57.83%,/content/drive/My Drive/CNN_lager_dataset/images_tobeclassified/unlabeled-images/tree_235.png
birch,55.78%,/content/drive/My Drive/CNN_lager_dataset/images_tobeclassified/unlabeled-images/tree_236.png
spruce,52.94%,/content/drive/My Drive/CNN_lager_dataset/images_tobeclassified/unlabeled-images/tree_237.png
birch,56.11%,/content/drive/My Drive/CNN_lager_dataset/images_tobeclassified/unlabeled-images/tree_238.png
birch,59.22%,/content/drive/My Drive/CNN_lager_dataset/images_tobeclassified/unlabeled-images/tree_239.png
spruce,44.29%,/content/drive/My Drive/CNN_lager_dataset/images_tobeclassified/unlabeled-images/tree_24.png
birch,50.70%,/content/drive/My Drive/CNN_lager_dataset/images_tobeclassified/unlabeled-images/tree_240.png
birch,51.22%,/content/drive/My Drive/CNN_lager_dataset/images_tobeclassified/unlabeled-images/tree_241.png
birch,54.91%,/content/drive/My Drive/CNN_lager_dataset/images_tobeclassified/unlabeled-images/tree_242.png
birch,53.96%,/content/drive/My Drive/CNN_lager_dataset/images_tobeclassified/unlabeled-images/tree_243.png
birch,50.26%,/content/drive/My Drive/CNN_lager_dataset/images_tobeclassified/unlabeled-images/tree_244.png
spruce,48.72%,/content/drive/My Drive/CNN_lager_dataset/images_tobeclassified/unlabeled-images/tree_245.png
birch,62.85%,/content/drive/My Drive/CNN_lager_dataset/images_tobeclassified/unlabeled-images/tree_246.png
birch,53.43%,/content/drive/My Drive/CNN_lager_dataset/images_tobeclassified/unlabeled-images/tree_247.png
birch,67.37%,/content/drive/My Drive/CNN_lager_dataset/images_tobeclassified/unlabeled-images/tree_248.png
birch,61.50%,/content/drive/My Drive/CNN_lager_dataset/images_tobeclassified/unlabeled-images/tree_249.png
birch,44.21%,/content/drive/My Drive/CNN_lager_dataset/images_tobeclassified/unlabeled-images/tree_25.png
birch,61.15%,/content/drive/My Drive/CNN_lager_dataset/images_tobeclassified/unlabeled-images/tree_250.png
birch,54.33%,/content/drive/My Drive/CNN_lager_dataset/images_tobeclassified/unlabeled-images/tree_251.png
birch,72.52%,/content/drive/My Drive/CNN_lager_dataset/images_tobeclassified/unlabeled-images/tree_252.png
birch,69.99%,/content/drive/My Drive/CNN_lager_dataset/images_tobeclassified/unlabeled-images/tree_253.png
birch,60.44%,/content/drive/My Drive/CNN_lager_dataset/images_tobeclassified/unlabeled-images/tree_254.png
birch,63.39%,/content/drive/My Drive/CNN_lager_dataset/images_tobeclassified/unlabeled-images/tree_255.png
birch,69.98%,/content/drive/My Drive/CNN_lager_dataset/images_tobeclassified/unlabeled-images/tree_256.png
birch,72.37%,/content/drive/My Drive/CNN_lager_dataset/images_tobeclassified/unlabeled-images/tree_257.png
birch,52.63%,/content/drive/My Drive/CNN_lager_dataset/images_tobeclassified/unlabeled-images/tree_258.png
birch,61.13%,/content/drive/My Drive/CNN_lager_dataset/images_tobeclassified/unlabeled-images/tree_259.png
spruce,43.17%,/content/drive/My Drive/CNN_lager_dataset/images_tobeclassified/unlabeled-images/tree_26.png
birch,77.20%,/content/drive/My Drive/CNN_lager_dataset/images_tobeclassified/unlabeled-images/tree_260.png
birch,65.55%,/content/drive/My Drive/CNN_lager_dataset/images_tobeclassified/unlabeled-images/tree_261.png
birch,55.59%,/content/drive/My Drive/CNN_lager_dataset/images_tobeclassified/unlabeled-images/tree_262.png
birch,73.18%,/content/drive/My Drive/CNN_lager_dataset/images_tobeclassified/unlabeled-images/tree_263.png
birch,65.13%,/content/drive/My Drive/CNN_lager_dataset/images_tobeclassified/unlabeled-images/tree_264.png
birch,72.52%,/content/drive/My Drive/CNN_lager_dataset/images_tobeclassified/unlabeled-images/tree_265.png
spruce,54.21%,/content/drive/My Drive/CNN_lager_dataset/images_tobeclassified/unlabeled-images/tree_266.png
birch,66.50%,/content/drive/My Drive/CNN_lager_dataset/images_tobeclassified/unlabeled-images/tree_267.png
spruce,51.57%,/content/drive/My Drive/CNN_lager_dataset/images_tobeclassified/unlabeled-images/tree_268.png
birch,62.64%,/content/drive/My Drive/CNN_lager_dataset/images_tobeclassified/unlabeled-images/tree_269.png
birch,58.80%,/content/drive/My Drive/CNN_lager_dataset/images_tobeclassified/unlabeled-images/tree_27.png
birch,58.22%,/content/drive/My Drive/CNN_lager_dataset/images_tobeclassified/unlabeled-images/tree_270.png
spruce,50.44%,/content/drive/My Drive/CNN_lager_dataset/images_tobeclassified/unlabeled-images/tree_271.png
spruce,53.71%,/content/drive/My Drive/CNN_lager_dataset/images_tobeclassified/unlabeled-images/tree_272.png
spruce,53.58%,/content/drive/My Drive/CNN_lager_dataset/images_tobeclassified/unlabeled-images/tree_273.png
birch,52.17%,/content/drive/My Drive/CNN_lager_dataset/images_tobeclassified/unlabeled-images/tree_274.png
spruce,54.76%,/content/drive/My Drive/CNN_lager_dataset/images_tobeclassified/unlabeled-images/tree_275.png
birch,61.91%,/content/drive/My Drive/CNN_lager_dataset/images_tobeclassified/unlabeled-images/tree_276.png
spruce,57.60%,/content/drive/My Drive/CNN_lager_dataset/images_tobeclassified/unlabeled-images/tree_277.png
spruce,51.90%,/content/drive/My Drive/CNN_lager_dataset/images_tobeclassified/unlabeled-images/tree_278.png
spruce,48.99%,/content/drive/My Drive/CNN_lager_dataset/images_tobeclassified/unlabeled-images/tree_279.png
birch,86.69%,/content/drive/My Drive/CNN_lager_dataset/images_tobeclassified/unlabeled-images/tree_28.png
spruce,52.35%,/content/drive/My Drive/CNN_lager_dataset/images_tobeclassified/unlabeled-images/tree_280.png
birch,52.79%,/content/drive/My Drive/CNN_lager_dataset/images_tobeclassified/unlabeled-images/tree_281.png
birch,77.99%,/content/drive/My Drive/CNN_lager_dataset/images_tobeclassified/unlabeled-images/tree_282.png
birch,54.85%,/content/drive/My Drive/CNN_lager_dataset/images_tobeclassified/unlabeled-images/tree_283.png
birch,73.36%,/content/drive/My Drive/CNN_lager_dataset/images_tobeclassified/unlabeled-images/tree_284.png
birch,78.89%,/content/drive/My Drive/CNN_lager_dataset/images_tobeclassified/unlabeled-images/tree_285.png
birch,89.79%,/content/drive/My Drive/CNN_lager_dataset/images_tobeclassified/unlabeled-images/tree_286.png
birch,66.44%,/content/drive/My Drive/CNN_lager_dataset/images_tobeclassified/unlabeled-images/tree_287.png
birch,57.73%,/content/drive/My Drive/CNN_lager_dataset/images_tobeclassified/unlabeled-images/tree_288.png
birch,62.90%,/content/drive/My Drive/CNN_lager_dataset/images_tobeclassified/unlabeled-images/tree_289.png
birch,62.89%,/content/drive/My Drive/CNN_lager_dataset/images_tobeclassified/unlabeled-images/tree_29.png
birch,84.02%,/content/drive/My Drive/CNN_lager_dataset/images_tobeclassified/unlabeled-images/tree_290.png
birch,58.58%,/content/drive/My Drive/CNN_lager_dataset/images_tobeclassified/unlabeled-images/tree_291.png
birch,56.23%,/content/drive/My Drive/CNN_lager_dataset/images_tobeclassified/unlabeled-images/tree_292.png
spruce,51.21%,/content/drive/My Drive/CNN_lager_dataset/images_tobeclassified/unlabeled-images/tree_293.png
birch,62.36%,/content/drive/My Drive/CNN_lager_dataset/images_tobeclassified/unlabeled-images/tree_294.png
birch,51.07%,/content/drive/My Drive/CNN_lager_dataset/images_tobeclassified/unlabeled-images/tree_295.png
birch,76.91%,/content/drive/My Drive/CNN_lager_dataset/images_tobeclassified/unlabeled-images/tree_296.png
birch,61.95%,/content/drive/My Drive/CNN_lager_dataset/images_tobeclassified/unlabeled-images/tree_297.png
birch,73.81%,/content/drive/My Drive/CNN_lager_dataset/images_tobeclassified/unlabeled-images/tree_298.png
birch,74.74%,/content/drive/My Drive/CNN_lager_dataset/images_tobeclassified/unlabeled-images/tree_299.png
spruce,45.51%,/content/drive/My Drive/CNN_lager_dataset/images_tobeclassified/unlabeled-images/tree_3.png
birch,80.58%,/content/drive/My Drive/CNN_lager_dataset/images_tobeclassified/unlabeled-images/tree_30.png
birch,59.97%,/content/drive/My Drive/CNN_lager_dataset/images_tobeclassified/unlabeled-images/tree_300.png
birch,63.68%,/content/drive/My Drive/CNN_lager_dataset/images_tobeclassified/unlabeled-images/tree_301.png
birch,55.95%,/content/drive/My Drive/CNN_lager_dataset/images_tobeclassified/unlabeled-images/tree_302.png
birch,52.79%,/content/drive/My Drive/CNN_lager_dataset/images_tobeclassified/unlabeled-images/tree_303.png
birch,68.36%,/content/drive/My Drive/CNN_lager_dataset/images_tobeclassified/unlabeled-images/tree_304.png
birch,65.38%,/content/drive/My Drive/CNN_lager_dataset/images_tobeclassified/unlabeled-images/tree_305.png
spruce,53.10%,/content/drive/My Drive/CNN_lager_dataset/images_tobeclassified/unlabeled-images/tree_306.png
birch,54.43%,/content/drive/My Drive/CNN_lager_dataset/images_tobeclassified/unlabeled-images/tree_307.png
birch,63.66%,/content/drive/My Drive/CNN_lager_dataset/images_tobeclassified/unlabeled-images/tree_308.png
birch,62.47%,/content/drive/My Drive/CNN_lager_dataset/images_tobeclassified/unlabeled-images/tree_309.png
birch,67.72%,/content/drive/My Drive/CNN_lager_dataset/images_tobeclassified/unlabeled-images/tree_31.png
spruce,55.59%,/content/drive/My Drive/CNN_lager_dataset/images_tobeclassified/unlabeled-images/tree_310.png
birch,65.23%,/content/drive/My Drive/CNN_lager_dataset/images_tobeclassified/unlabeled-images/tree_311.png
birch,56.28%,/content/drive/My Drive/CNN_lager_dataset/images_tobeclassified/unlabeled-images/tree_312.png
birch,61.91%,/content/drive/My Drive/CNN_lager_dataset/images_tobeclassified/unlabeled-images/tree_313.png
birch,65.99%,/content/drive/My Drive/CNN_lager_dataset/images_tobeclassified/unlabeled-images/tree_314.png
birch,59.72%,/content/drive/My Drive/CNN_lager_dataset/images_tobeclassified/unlabeled-images/tree_315.png
birch,64.63%,/content/drive/My Drive/CNN_lager_dataset/images_tobeclassified/unlabeled-images/tree_316.png
birch,60.94%,/content/drive/My Drive/CNN_lager_dataset/images_tobeclassified/unlabeled-images/tree_317.png
birch,57.10%,/content/drive/My Drive/CNN_lager_dataset/images_tobeclassified/unlabeled-images/tree_318.png
birch,66.94%,/content/drive/My Drive/CNN_lager_dataset/images_tobeclassified/unlabeled-images/tree_319.png
birch,81.79%,/content/drive/My Drive/CNN_lager_dataset/images_tobeclassified/unlabeled-images/tree_32.png
birch,62.42%,/content/drive/My Drive/CNN_lager_dataset/images_tobeclassified/unlabeled-images/tree_320.png
birch,60.32%,/content/drive/My Drive/CNN_lager_dataset/images_tobeclassified/unlabeled-images/tree_321.png
birch,61.95%,/content/drive/My Drive/CNN_lager_dataset/images_tobeclassified/unlabeled-images/tree_322.png
spruce,54.95%,/content/drive/My Drive/CNN_lager_dataset/images_tobeclassified/unlabeled-images/tree_323.png
birch,83.48%,/content/drive/My Drive/CNN_lager_dataset/images_tobeclassified/unlabeled-images/tree_324.png
birch,68.46%,/content/drive/My Drive/CNN_lager_dataset/images_tobeclassified/unlabeled-images/tree_325.png
birch,58.93%,/content/drive/My Drive/CNN_lager_dataset/images_tobeclassified/unlabeled-images/tree_326.png
birch,49.85%,/content/drive/My Drive/CNN_lager_dataset/images_tobeclassified/unlabeled-images/tree_327.png
birch,73.03%,/content/drive/My Drive/CNN_lager_dataset/images_tobeclassified/unlabeled-images/tree_328.png
spruce,51.71%,/content/drive/My Drive/CNN_lager_dataset/images_tobeclassified/unlabeled-images/tree_329.png
birch,70.63%,/content/drive/My Drive/CNN_lager_dataset/images_tobeclassified/unlabeled-images/tree_33.png
birch,51.79%,/content/drive/My Drive/CNN_lager_dataset/images_tobeclassified/unlabeled-images/tree_330.png
spruce,52.07%,/content/drive/My Drive/CNN_lager_dataset/images_tobeclassified/unlabeled-images/tree_331.png
spruce,54.90%,/content/drive/My Drive/CNN_lager_dataset/images_tobeclassified/unlabeled-images/tree_332.png
spruce,49.23%,/content/drive/My Drive/CNN_lager_dataset/images_tobeclassified/unlabeled-images/tree_333.png
spruce,51.90%,/content/drive/My Drive/CNN_lager_dataset/images_tobeclassified/unlabeled-images/tree_334.png
spruce,51.24%,/content/drive/My Drive/CNN_lager_dataset/images_tobeclassified/unlabeled-images/tree_335.png
birch,79.04%,/content/drive/My Drive/CNN_lager_dataset/images_tobeclassified/unlabeled-images/tree_336.png
spruce,50.04%,/content/drive/My Drive/CNN_lager_dataset/images_tobeclassified/unlabeled-images/tree_337.png
spruce,51.34%,/content/drive/My Drive/CNN_lager_dataset/images_tobeclassified/unlabeled-images/tree_338.png
spruce,51.95%,/content/drive/My Drive/CNN_lager_dataset/images_tobeclassified/unlabeled-images/tree_339.png
birch,48.56%,/content/drive/My Drive/CNN_lager_dataset/images_tobeclassified/unlabeled-images/tree_34.png
birch,52.68%,/content/drive/My Drive/CNN_lager_dataset/images_tobeclassified/unlabeled-images/tree_340.png
spruce,51.58%,/content/drive/My Drive/CNN_lager_dataset/images_tobeclassified/unlabeled-images/tree_341.png
birch,58.82%,/content/drive/My Drive/CNN_lager_dataset/images_tobeclassified/unlabeled-images/tree_342.png
birch,50.90%,/content/drive/My Drive/CNN_lager_dataset/images_tobeclassified/unlabeled-images/tree_343.png
birch,59.35%,/content/drive/My Drive/CNN_lager_dataset/images_tobeclassified/unlabeled-images/tree_344.png
birch,64.22%,/content/drive/My Drive/CNN_lager_dataset/images_tobeclassified/unlabeled-images/tree_345.png
birch,53.75%,/content/drive/My Drive/CNN_lager_dataset/images_tobeclassified/unlabeled-images/tree_346.png
birch,56.22%,/content/drive/My Drive/CNN_lager_dataset/images_tobeclassified/unlabeled-images/tree_347.png
spruce,54.49%,/content/drive/My Drive/CNN_lager_dataset/images_tobeclassified/unlabeled-images/tree_348.png
birch,51.35%,/content/drive/My Drive/CNN_lager_dataset/images_tobeclassified/unlabeled-images/tree_349.png
birch,62.17%,/content/drive/My Drive/CNN_lager_dataset/images_tobeclassified/unlabeled-images/tree_35.png
birch,51.78%,/content/drive/My Drive/CNN_lager_dataset/images_tobeclassified/unlabeled-images/tree_350.png
birch,56.09%,/content/drive/My Drive/CNN_lager_dataset/images_tobeclassified/unlabeled-images/tree_351.png
spruce,50.24%,/content/drive/My Drive/CNN_lager_dataset/images_tobeclassified/unlabeled-images/tree_352.png
birch,62.30%,/content/drive/My Drive/CNN_lager_dataset/images_tobeclassified/unlabeled-images/tree_353.png
spruce,50.95%,/content/drive/My Drive/CNN_lager_dataset/images_tobeclassified/unlabeled-images/tree_354.png
birch,62.99%,/content/drive/My Drive/CNN_lager_dataset/images_tobeclassified/unlabeled-images/tree_355.png
spruce,49.84%,/content/drive/My Drive/CNN_lager_dataset/images_tobeclassified/unlabeled-images/tree_356.png
birch,55.95%,/content/drive/My Drive/CNN_lager_dataset/images_tobeclassified/unlabeled-images/tree_357.png
spruce,52.98%,/content/drive/My Drive/CNN_lager_dataset/images_tobeclassified/unlabeled-images/tree_358.png
birch,56.26%,/content/drive/My Drive/CNN_lager_dataset/images_tobeclassified/unlabeled-images/tree_359.png
birch,50.93%,/content/drive/My Drive/CNN_lager_dataset/images_tobeclassified/unlabeled-images/tree_36.png
spruce,52.22%,/content/drive/My Drive/CNN_lager_dataset/images_tobeclassified/unlabeled-images/tree_360.png
spruce,53.68%,/content/drive/My Drive/CNN_lager_dataset/images_tobeclassified/unlabeled-images/tree_361.png
spruce,52.20%,/content/drive/My Drive/CNN_lager_dataset/images_tobeclassified/unlabeled-images/tree_362.png
birch,51.19%,/content/drive/My Drive/CNN_lager_dataset/images_tobeclassified/unlabeled-images/tree_363.png
spruce,53.08%,/content/drive/My Drive/CNN_lager_dataset/images_tobeclassified/unlabeled-images/tree_364.png
birch,55.33%,/content/drive/My Drive/CNN_lager_dataset/images_tobeclassified/unlabeled-images/tree_365.png
birch,53.56%,/content/drive/My Drive/CNN_lager_dataset/images_tobeclassified/unlabeled-images/tree_366.png
spruce,55.86%,/content/drive/My Drive/CNN_lager_dataset/images_tobeclassified/unlabeled-images/tree_367.png
birch,51.03%,/content/drive/My Drive/CNN_lager_dataset/images_tobeclassified/unlabeled-images/tree_368.png
birch,52.18%,/content/drive/My Drive/CNN_lager_dataset/images_tobeclassified/unlabeled-images/tree_369.png
birch,52.89%,/content/drive/My Drive/CNN_lager_dataset/images_tobeclassified/unlabeled-images/tree_37.png
spruce,51.09%,/content/drive/My Drive/CNN_lager_dataset/images_tobeclassified/unlabeled-images/tree_370.png
spruce,61.38%,/content/drive/My Drive/CNN_lager_dataset/images_tobeclassified/unlabeled-images/tree_371.png
spruce,50.64%,/content/drive/My Drive/CNN_lager_dataset/images_tobeclassified/unlabeled-images/tree_372.png
birch,56.18%,/content/drive/My Drive/CNN_lager_dataset/images_tobeclassified/unlabeled-images/tree_373.png
spruce,53.73%,/content/drive/My Drive/CNN_lager_dataset/images_tobeclassified/unlabeled-images/tree_374.png
birch,62.01%,/content/drive/My Drive/CNN_lager_dataset/images_tobeclassified/unlabeled-images/tree_375.png
birch,50.94%,/content/drive/My Drive/CNN_lager_dataset/images_tobeclassified/unlabeled-images/tree_376.png
spruce,52.51%,/content/drive/My Drive/CNN_lager_dataset/images_tobeclassified/unlabeled-images/tree_377.png
spruce,50.49%,/content/drive/My Drive/CNN_lager_dataset/images_tobeclassified/unlabeled-images/tree_378.png
spruce,52.46%,/content/drive/My Drive/CNN_lager_dataset/images_tobeclassified/unlabeled-images/tree_379.png
birch,65.32%,/content/drive/My Drive/CNN_lager_dataset/images_tobeclassified/unlabeled-images/tree_38.png
spruce,49.64%,/content/drive/My Drive/CNN_lager_dataset/images_tobeclassified/unlabeled-images/tree_380.png
birch,52.75%,/content/drive/My Drive/CNN_lager_dataset/images_tobeclassified/unlabeled-images/tree_381.png
spruce,51.08%,/content/drive/My Drive/CNN_lager_dataset/images_tobeclassified/unlabeled-images/tree_382.png
spruce,55.56%,/content/drive/My Drive/CNN_lager_dataset/images_tobeclassified/unlabeled-images/tree_383.png
spruce,53.26%,/content/drive/My Drive/CNN_lager_dataset/images_tobeclassified/unlabeled-images/tree_384.png
spruce,51.21%,/content/drive/My Drive/CNN_lager_dataset/images_tobeclassified/unlabeled-images/tree_385.png
spruce,54.94%,/content/drive/My Drive/CNN_lager_dataset/images_tobeclassified/unlabeled-images/tree_386.png
spruce,50.52%,/content/drive/My Drive/CNN_lager_dataset/images_tobeclassified/unlabeled-images/tree_387.png
birch,53.94%,/content/drive/My Drive/CNN_lager_dataset/images_tobeclassified/unlabeled-images/tree_388.png
spruce,51.66%,/content/drive/My Drive/CNN_lager_dataset/images_tobeclassified/unlabeled-images/tree_389.png
birch,67.96%,/content/drive/My Drive/CNN_lager_dataset/images_tobeclassified/unlabeled-images/tree_39.png
spruce,54.49%,/content/drive/My Drive/CNN_lager_dataset/images_tobeclassified/unlabeled-images/tree_390.png
birch,63.15%,/content/drive/My Drive/CNN_lager_dataset/images_tobeclassified/unlabeled-images/tree_391.png
birch,54.58%,/content/drive/My Drive/CNN_lager_dataset/images_tobeclassified/unlabeled-images/tree_392.png
birch,65.59%,/content/drive/My Drive/CNN_lager_dataset/images_tobeclassified/unlabeled-images/tree_393.png
birch,57.36%,/content/drive/My Drive/CNN_lager_dataset/images_tobeclassified/unlabeled-images/tree_394.png
birch,60.68%,/content/drive/My Drive/CNN_lager_dataset/images_tobeclassified/unlabeled-images/tree_395.png
birch,51.75%,/content/drive/My Drive/CNN_lager_dataset/images_tobeclassified/unlabeled-images/tree_396.png
spruce,52.67%,/content/drive/My Drive/CNN_lager_dataset/images_tobeclassified/unlabeled-images/tree_397.png
birch,50.59%,/content/drive/My Drive/CNN_lager_dataset/images_tobeclassified/unlabeled-images/tree_398.png
birch,58.24%,/content/drive/My Drive/CNN_lager_dataset/images_tobeclassified/unlabeled-images/tree_399.png
birch,83.13%,/content/drive/My Drive/CNN_lager_dataset/images_tobeclassified/unlabeled-images/tree_4.png
birch,58.26%,/content/drive/My Drive/CNN_lager_dataset/images_tobeclassified/unlabeled-images/tree_40.png
birch,54.72%,/content/drive/My Drive/CNN_lager_dataset/images_tobeclassified/unlabeled-images/tree_400.png
birch,53.26%,/content/drive/My Drive/CNN_lager_dataset/images_tobeclassified/unlabeled-images/tree_401.png
birch,56.48%,/content/drive/My Drive/CNN_lager_dataset/images_tobeclassified/unlabeled-images/tree_402.png
birch,55.81%,/content/drive/My Drive/CNN_lager_dataset/images_tobeclassified/unlabeled-images/tree_403.png
birch,66.60%,/content/drive/My Drive/CNN_lager_dataset/images_tobeclassified/unlabeled-images/tree_404.png
spruce,50.99%,/content/drive/My Drive/CNN_lager_dataset/images_tobeclassified/unlabeled-images/tree_405.png
birch,48.50%,/content/drive/My Drive/CNN_lager_dataset/images_tobeclassified/unlabeled-images/tree_406.png
spruce,50.77%,/content/drive/My Drive/CNN_lager_dataset/images_tobeclassified/unlabeled-images/tree_407.png
birch,53.75%,/content/drive/My Drive/CNN_lager_dataset/images_tobeclassified/unlabeled-images/tree_408.png
birch,54.58%,/content/drive/My Drive/CNN_lager_dataset/images_tobeclassified/unlabeled-images/tree_409.png
birch,70.35%,/content/drive/My Drive/CNN_lager_dataset/images_tobeclassified/unlabeled-images/tree_41.png
birch,55.77%,/content/drive/My Drive/CNN_lager_dataset/images_tobeclassified/unlabeled-images/tree_410.png
birch,55.77%,/content/drive/My Drive/CNN_lager_dataset/images_tobeclassified/unlabeled-images/tree_411.png
birch,77.85%,/content/drive/My Drive/CNN_lager_dataset/images_tobeclassified/unlabeled-images/tree_412.png
birch,52.25%,/content/drive/My Drive/CNN_lager_dataset/images_tobeclassified/unlabeled-images/tree_413.png
birch,58.34%,/content/drive/My Drive/CNN_lager_dataset/images_tobeclassified/unlabeled-images/tree_414.png
birch,51.72%,/content/drive/My Drive/CNN_lager_dataset/images_tobeclassified/unlabeled-images/tree_415.png
birch,50.53%,/content/drive/My Drive/CNN_lager_dataset/images_tobeclassified/unlabeled-images/tree_416.png
birch,52.96%,/content/drive/My Drive/CNN_lager_dataset/images_tobeclassified/unlabeled-images/tree_417.png
birch,69.17%,/content/drive/My Drive/CNN_lager_dataset/images_tobeclassified/unlabeled-images/tree_418.png
birch,56.89%,/content/drive/My Drive/CNN_lager_dataset/images_tobeclassified/unlabeled-images/tree_419.png
birch,83.48%,/content/drive/My Drive/CNN_lager_dataset/images_tobeclassified/unlabeled-images/tree_42.png
spruce,49.75%,/content/drive/My Drive/CNN_lager_dataset/images_tobeclassified/unlabeled-images/tree_420.png
spruce,56.83%,/content/drive/My Drive/CNN_lager_dataset/images_tobeclassified/unlabeled-images/tree_421.png
spruce,49.99%,/content/drive/My Drive/CNN_lager_dataset/images_tobeclassified/unlabeled-images/tree_422.png
spruce,55.36%,/content/drive/My Drive/CNN_lager_dataset/images_tobeclassified/unlabeled-images/tree_423.png
spruce,50.25%,/content/drive/My Drive/CNN_lager_dataset/images_tobeclassified/unlabeled-images/tree_424.png
birch,74.34%,/content/drive/My Drive/CNN_lager_dataset/images_tobeclassified/unlabeled-images/tree_425.png
spruce,53.64%,/content/drive/My Drive/CNN_lager_dataset/images_tobeclassified/unlabeled-images/tree_426.png
birch,60.14%,/content/drive/My Drive/CNN_lager_dataset/images_tobeclassified/unlabeled-images/tree_427.png
birch,54.22%,/content/drive/My Drive/CNN_lager_dataset/images_tobeclassified/unlabeled-images/tree_428.png
birch,52.86%,/content/drive/My Drive/CNN_lager_dataset/images_tobeclassified/unlabeled-images/tree_429.png
birch,75.41%,/content/drive/My Drive/CNN_lager_dataset/images_tobeclassified/unlabeled-images/tree_43.png
birch,67.29%,/content/drive/My Drive/CNN_lager_dataset/images_tobeclassified/unlabeled-images/tree_430.png
birch,53.50%,/content/drive/My Drive/CNN_lager_dataset/images_tobeclassified/unlabeled-images/tree_431.png
birch,63.94%,/content/drive/My Drive/CNN_lager_dataset/images_tobeclassified/unlabeled-images/tree_432.png
spruce,56.41%,/content/drive/My Drive/CNN_lager_dataset/images_tobeclassified/unlabeled-images/tree_433.png
birch,61.67%,/content/drive/My Drive/CNN_lager_dataset/images_tobeclassified/unlabeled-images/tree_434.png
birch,64.59%,/content/drive/My Drive/CNN_lager_dataset/images_tobeclassified/unlabeled-images/tree_435.png
spruce,55.19%,/content/drive/My Drive/CNN_lager_dataset/images_tobeclassified/unlabeled-images/tree_436.png
birch,56.44%,/content/drive/My Drive/CNN_lager_dataset/images_tobeclassified/unlabeled-images/tree_437.png
birch,58.41%,/content/drive/My Drive/CNN_lager_dataset/images_tobeclassified/unlabeled-images/tree_438.png
birch,56.14%,/content/drive/My Drive/CNN_lager_dataset/images_tobeclassified/unlabeled-images/tree_439.png
birch,95.11%,/content/drive/My Drive/CNN_lager_dataset/images_tobeclassified/unlabeled-images/tree_44.png
birch,56.79%,/content/drive/My Drive/CNN_lager_dataset/images_tobeclassified/unlabeled-images/tree_440.png
spruce,53.84%,/content/drive/My Drive/CNN_lager_dataset/images_tobeclassified/unlabeled-images/tree_441.png
spruce,54.47%,/content/drive/My Drive/CNN_lager_dataset/images_tobeclassified/unlabeled-images/tree_442.png
birch,55.35%,/content/drive/My Drive/CNN_lager_dataset/images_tobeclassified/unlabeled-images/tree_443.png
spruce,52.60%,/content/drive/My Drive/CNN_lager_dataset/images_tobeclassified/unlabeled-images/tree_444.png
birch,49.82%,/content/drive/My Drive/CNN_lager_dataset/images_tobeclassified/unlabeled-images/tree_445.png
birch,53.01%,/content/drive/My Drive/CNN_lager_dataset/images_tobeclassified/unlabeled-images/tree_446.png
spruce,50.45%,/content/drive/My Drive/CNN_lager_dataset/images_tobeclassified/unlabeled-images/tree_447.png
spruce,52.44%,/content/drive/My Drive/CNN_lager_dataset/images_tobeclassified/unlabeled-images/tree_448.png
spruce,49.58%,/content/drive/My Drive/CNN_lager_dataset/images_tobeclassified/unlabeled-images/tree_449.png
birch,59.09%,/content/drive/My Drive/CNN_lager_dataset/images_tobeclassified/unlabeled-images/tree_45.png
spruce,54.05%,/content/drive/My Drive/CNN_lager_dataset/images_tobeclassified/unlabeled-images/tree_450.png
birch,54.79%,/content/drive/My Drive/CNN_lager_dataset/images_tobeclassified/unlabeled-images/tree_451.png
spruce,56.60%,/content/drive/My Drive/CNN_lager_dataset/images_tobeclassified/unlabeled-images/tree_452.png
birch,61.88%,/content/drive/My Drive/CNN_lager_dataset/images_tobeclassified/unlabeled-images/tree_453.png
spruce,55.88%,/content/drive/My Drive/CNN_lager_dataset/images_tobeclassified/unlabeled-images/tree_454.png
spruce,53.74%,/content/drive/My Drive/CNN_lager_dataset/images_tobeclassified/unlabeled-images/tree_455.png
birch,52.22%,/content/drive/My Drive/CNN_lager_dataset/images_tobeclassified/unlabeled-images/tree_456.png
spruce,54.19%,/content/drive/My Drive/CNN_lager_dataset/images_tobeclassified/unlabeled-images/tree_457.png
birch,53.92%,/content/drive/My Drive/CNN_lager_dataset/images_tobeclassified/unlabeled-images/tree_458.png
spruce,53.87%,/content/drive/My Drive/CNN_lager_dataset/images_tobeclassified/unlabeled-images/tree_459.png
spruce,43.50%,/content/drive/My Drive/CNN_lager_dataset/images_tobeclassified/unlabeled-images/tree_46.png
birch,53.71%,/content/drive/My Drive/CNN_lager_dataset/images_tobeclassified/unlabeled-images/tree_460.png
spruce,56.55%,/content/drive/My Drive/CNN_lager_dataset/images_tobeclassified/unlabeled-images/tree_461.png
spruce,51.67%,/content/drive/My Drive/CNN_lager_dataset/images_tobeclassified/unlabeled-images/tree_462.png
birch,52.51%,/content/drive/My Drive/CNN_lager_dataset/images_tobeclassified/unlabeled-images/tree_463.png
spruce,55.70%,/content/drive/My Drive/CNN_lager_dataset/images_tobeclassified/unlabeled-images/tree_464.png
birch,64.77%,/content/drive/My Drive/CNN_lager_dataset/images_tobeclassified/unlabeled-images/tree_465.png
birch,51.80%,/content/drive/My Drive/CNN_lager_dataset/images_tobeclassified/unlabeled-images/tree_466.png
birch,56.60%,/content/drive/My Drive/CNN_lager_dataset/images_tobeclassified/unlabeled-images/tree_467.png
birch,54.63%,/content/drive/My Drive/CNN_lager_dataset/images_tobeclassified/unlabeled-images/tree_468.png
spruce,51.26%,/content/drive/My Drive/CNN_lager_dataset/images_tobeclassified/unlabeled-images/tree_469.png
birch,55.96%,/content/drive/My Drive/CNN_lager_dataset/images_tobeclassified/unlabeled-images/tree_47.png
spruce,57.08%,/content/drive/My Drive/CNN_lager_dataset/images_tobeclassified/unlabeled-images/tree_470.png
birch,52.31%,/content/drive/My Drive/CNN_lager_dataset/images_tobeclassified/unlabeled-images/tree_471.png
birch,52.29%,/content/drive/My Drive/CNN_lager_dataset/images_tobeclassified/unlabeled-images/tree_472.png
spruce,52.75%,/content/drive/My Drive/CNN_lager_dataset/images_tobeclassified/unlabeled-images/tree_473.png
birch,54.74%,/content/drive/My Drive/CNN_lager_dataset/images_tobeclassified/unlabeled-images/tree_474.png
birch,62.74%,/content/drive/My Drive/CNN_lager_dataset/images_tobeclassified/unlabeled-images/tree_475.png
spruce,50.64%,/content/drive/My Drive/CNN_lager_dataset/images_tobeclassified/unlabeled-images/tree_476.png
spruce,50.44%,/content/drive/My Drive/CNN_lager_dataset/images_tobeclassified/unlabeled-images/tree_477.png
birch,53.04%,/content/drive/My Drive/CNN_lager_dataset/images_tobeclassified/unlabeled-images/tree_478.png
spruce,50.93%,/content/drive/My Drive/CNN_lager_dataset/images_tobeclassified/unlabeled-images/tree_479.png
birch,71.89%,/content/drive/My Drive/CNN_lager_dataset/images_tobeclassified/unlabeled-images/tree_48.png
spruce,52.54%,/content/drive/My Drive/CNN_lager_dataset/images_tobeclassified/unlabeled-images/tree_480.png
birch,79.51%,/content/drive/My Drive/CNN_lager_dataset/images_tobeclassified/unlabeled-images/tree_481.png
birch,51.79%,/content/drive/My Drive/CNN_lager_dataset/images_tobeclassified/unlabeled-images/tree_482.png
birch,51.57%,/content/drive/My Drive/CNN_lager_dataset/images_tobeclassified/unlabeled-images/tree_483.png
spruce,52.71%,/content/drive/My Drive/CNN_lager_dataset/images_tobeclassified/unlabeled-images/tree_484.png
spruce,51.27%,/content/drive/My Drive/CNN_lager_dataset/images_tobeclassified/unlabeled-images/tree_485.png
spruce,50.44%,/content/drive/My Drive/CNN_lager_dataset/images_tobeclassified/unlabeled-images/tree_486.png
birch,63.07%,/content/drive/My Drive/CNN_lager_dataset/images_tobeclassified/unlabeled-images/tree_487.png
spruce,56.29%,/content/drive/My Drive/CNN_lager_dataset/images_tobeclassified/unlabeled-images/tree_488.png
spruce,53.01%,/content/drive/My Drive/CNN_lager_dataset/images_tobeclassified/unlabeled-images/tree_489.png
birch,62.52%,/content/drive/My Drive/CNN_lager_dataset/images_tobeclassified/unlabeled-images/tree_49.png
spruce,50.02%,/content/drive/My Drive/CNN_lager_dataset/images_tobeclassified/unlabeled-images/tree_490.png
spruce,53.20%,/content/drive/My Drive/CNN_lager_dataset/images_tobeclassified/unlabeled-images/tree_491.png
spruce,50.69%,/content/drive/My Drive/CNN_lager_dataset/images_tobeclassified/unlabeled-images/tree_492.png
spruce,54.62%,/content/drive/My Drive/CNN_lager_dataset/images_tobeclassified/unlabeled-images/tree_493.png
spruce,52.86%,/content/drive/My Drive/CNN_lager_dataset/images_tobeclassified/unlabeled-images/tree_494.png
birch,57.07%,/content/drive/My Drive/CNN_lager_dataset/images_tobeclassified/unlabeled-images/tree_495.png
spruce,52.27%,/content/drive/My Drive/CNN_lager_dataset/images_tobeclassified/unlabeled-images/tree_496.png
spruce,50.71%,/content/drive/My Drive/CNN_lager_dataset/images_tobeclassified/unlabeled-images/tree_497.png
birch,54.16%,/content/drive/My Drive/CNN_lager_dataset/images_tobeclassified/unlabeled-images/tree_498.png
spruce,49.86%,/content/drive/My Drive/CNN_lager_dataset/images_tobeclassified/unlabeled-images/tree_499.png
birch,67.51%,/content/drive/My Drive/CNN_lager_dataset/images_tobeclassified/unlabeled-images/tree_5.png
birch,87.97%,/content/drive/My Drive/CNN_lager_dataset/images_tobeclassified/unlabeled-images/tree_50.png
birch,53.18%,/content/drive/My Drive/CNN_lager_dataset/images_tobeclassified/unlabeled-images/tree_500.png
birch,64.37%,/content/drive/My Drive/CNN_lager_dataset/images_tobeclassified/unlabeled-images/tree_501.png
birch,62.62%,/content/drive/My Drive/CNN_lager_dataset/images_tobeclassified/unlabeled-images/tree_502.png
birch,63.79%,/content/drive/My Drive/CNN_lager_dataset/images_tobeclassified/unlabeled-images/tree_503.png
birch,80.52%,/content/drive/My Drive/CNN_lager_dataset/images_tobeclassified/unlabeled-images/tree_504.png
birch,53.66%,/content/drive/My Drive/CNN_lager_dataset/images_tobeclassified/unlabeled-images/tree_505.png
birch,57.40%,/content/drive/My Drive/CNN_lager_dataset/images_tobeclassified/unlabeled-images/tree_506.png
birch,58.87%,/content/drive/My Drive/CNN_lager_dataset/images_tobeclassified/unlabeled-images/tree_507.png
birch,69.42%,/content/drive/My Drive/CNN_lager_dataset/images_tobeclassified/unlabeled-images/tree_508.png
birch,59.47%,/content/drive/My Drive/CNN_lager_dataset/images_tobeclassified/unlabeled-images/tree_509.png
birch,63.40%,/content/drive/My Drive/CNN_lager_dataset/images_tobeclassified/unlabeled-images/tree_51.png
birch,56.66%,/content/drive/My Drive/CNN_lager_dataset/images_tobeclassified/unlabeled-images/tree_510.png
spruce,53.88%,/content/drive/My Drive/CNN_lager_dataset/images_tobeclassified/unlabeled-images/tree_511.png
birch,50.98%,/content/drive/My Drive/CNN_lager_dataset/images_tobeclassified/unlabeled-images/tree_512.png
birch,58.39%,/content/drive/My Drive/CNN_lager_dataset/images_tobeclassified/unlabeled-images/tree_513.png
birch,50.19%,/content/drive/My Drive/CNN_lager_dataset/images_tobeclassified/unlabeled-images/tree_514.png
birch,65.09%,/content/drive/My Drive/CNN_lager_dataset/images_tobeclassified/unlabeled-images/tree_515.png
birch,70.40%,/content/drive/My Drive/CNN_lager_dataset/images_tobeclassified/unlabeled-images/tree_516.png
birch,60.31%,/content/drive/My Drive/CNN_lager_dataset/images_tobeclassified/unlabeled-images/tree_517.png
spruce,50.26%,/content/drive/My Drive/CNN_lager_dataset/images_tobeclassified/unlabeled-images/tree_518.png
birch,53.14%,/content/drive/My Drive/CNN_lager_dataset/images_tobeclassified/unlabeled-images/tree_519.png
birch,54.14%,/content/drive/My Drive/CNN_lager_dataset/images_tobeclassified/unlabeled-images/tree_52.png
birch,51.99%,/content/drive/My Drive/CNN_lager_dataset/images_tobeclassified/unlabeled-images/tree_520.png
spruce,53.85%,/content/drive/My Drive/CNN_lager_dataset/images_tobeclassified/unlabeled-images/tree_521.png
birch,51.37%,/content/drive/My Drive/CNN_lager_dataset/images_tobeclassified/unlabeled-images/tree_522.png
birch,53.62%,/content/drive/My Drive/CNN_lager_dataset/images_tobeclassified/unlabeled-images/tree_523.png
birch,72.71%,/content/drive/My Drive/CNN_lager_dataset/images_tobeclassified/unlabeled-images/tree_524.png
birch,56.76%,/content/drive/My Drive/CNN_lager_dataset/images_tobeclassified/unlabeled-images/tree_525.png
birch,71.96%,/content/drive/My Drive/CNN_lager_dataset/images_tobeclassified/unlabeled-images/tree_526.png
spruce,52.21%,/content/drive/My Drive/CNN_lager_dataset/images_tobeclassified/unlabeled-images/tree_527.png
spruce,50.43%,/content/drive/My Drive/CNN_lager_dataset/images_tobeclassified/unlabeled-images/tree_528.png
birch,59.26%,/content/drive/My Drive/CNN_lager_dataset/images_tobeclassified/unlabeled-images/tree_529.png
birch,52.32%,/content/drive/My Drive/CNN_lager_dataset/images_tobeclassified/unlabeled-images/tree_53.png
birch,60.59%,/content/drive/My Drive/CNN_lager_dataset/images_tobeclassified/unlabeled-images/tree_530.png
spruce,54.60%,/content/drive/My Drive/CNN_lager_dataset/images_tobeclassified/unlabeled-images/tree_531.png
birch,63.29%,/content/drive/My Drive/CNN_lager_dataset/images_tobeclassified/unlabeled-images/tree_532.png
birch,62.47%,/content/drive/My Drive/CNN_lager_dataset/images_tobeclassified/unlabeled-images/tree_533.png
spruce,55.10%,/content/drive/My Drive/CNN_lager_dataset/images_tobeclassified/unlabeled-images/tree_534.png
birch,52.52%,/content/drive/My Drive/CNN_lager_dataset/images_tobeclassified/unlabeled-images/tree_535.png
birch,77.79%,/content/drive/My Drive/CNN_lager_dataset/images_tobeclassified/unlabeled-images/tree_536.png
spruce,52.27%,/content/drive/My Drive/CNN_lager_dataset/images_tobeclassified/unlabeled-images/tree_537.png
birch,80.65%,/content/drive/My Drive/CNN_lager_dataset/images_tobeclassified/unlabeled-images/tree_538.png
birch,55.18%,/content/drive/My Drive/CNN_lager_dataset/images_tobeclassified/unlabeled-images/tree_539.png
birch,55.54%,/content/drive/My Drive/CNN_lager_dataset/images_tobeclassified/unlabeled-images/tree_54.png
birch,50.22%,/content/drive/My Drive/CNN_lager_dataset/images_tobeclassified/unlabeled-images/tree_540.png
birch,64.05%,/content/drive/My Drive/CNN_lager_dataset/images_tobeclassified/unlabeled-images/tree_541.png
birch,59.91%,/content/drive/My Drive/CNN_lager_dataset/images_tobeclassified/unlabeled-images/tree_542.png
birch,63.51%,/content/drive/My Drive/CNN_lager_dataset/images_tobeclassified/unlabeled-images/tree_543.png
birch,55.71%,/content/drive/My Drive/CNN_lager_dataset/images_tobeclassified/unlabeled-images/tree_544.png
birch,86.03%,/content/drive/My Drive/CNN_lager_dataset/images_tobeclassified/unlabeled-images/tree_545.png
birch,52.74%,/content/drive/My Drive/CNN_lager_dataset/images_tobeclassified/unlabeled-images/tree_546.png
birch,78.70%,/content/drive/My Drive/CNN_lager_dataset/images_tobeclassified/unlabeled-images/tree_547.png
birch,67.64%,/content/drive/My Drive/CNN_lager_dataset/images_tobeclassified/unlabeled-images/tree_548.png
birch,93.78%,/content/drive/My Drive/CNN_lager_dataset/images_tobeclassified/unlabeled-images/tree_549.png
birch,56.18%,/content/drive/My Drive/CNN_lager_dataset/images_tobeclassified/unlabeled-images/tree_55.png
birch,56.77%,/content/drive/My Drive/CNN_lager_dataset/images_tobeclassified/unlabeled-images/tree_550.png
birch,67.72%,/content/drive/My Drive/CNN_lager_dataset/images_tobeclassified/unlabeled-images/tree_551.png
birch,57.61%,/content/drive/My Drive/CNN_lager_dataset/images_tobeclassified/unlabeled-images/tree_552.png
birch,60.84%,/content/drive/My Drive/CNN_lager_dataset/images_tobeclassified/unlabeled-images/tree_553.png
birch,61.87%,/content/drive/My Drive/CNN_lager_dataset/images_tobeclassified/unlabeled-images/tree_554.png
birch,53.30%,/content/drive/My Drive/CNN_lager_dataset/images_tobeclassified/unlabeled-images/tree_555.png
birch,53.64%,/content/drive/My Drive/CNN_lager_dataset/images_tobeclassified/unlabeled-images/tree_556.png
birch,58.93%,/content/drive/My Drive/CNN_lager_dataset/images_tobeclassified/unlabeled-images/tree_557.png
birch,63.00%,/content/drive/My Drive/CNN_lager_dataset/images_tobeclassified/unlabeled-images/tree_558.png
spruce,50.49%,/content/drive/My Drive/CNN_lager_dataset/images_tobeclassified/unlabeled-images/tree_559.png
birch,56.20%,/content/drive/My Drive/CNN_lager_dataset/images_tobeclassified/unlabeled-images/tree_56.png
birch,89.70%,/content/drive/My Drive/CNN_lager_dataset/images_tobeclassified/unlabeled-images/tree_560.png
spruce,53.79%,/content/drive/My Drive/CNN_lager_dataset/images_tobeclassified/unlabeled-images/tree_561.png
birch,63.79%,/content/drive/My Drive/CNN_lager_dataset/images_tobeclassified/unlabeled-images/tree_562.png
birch,53.70%,/content/drive/My Drive/CNN_lager_dataset/images_tobeclassified/unlabeled-images/tree_563.png
birch,58.31%,/content/drive/My Drive/CNN_lager_dataset/images_tobeclassified/unlabeled-images/tree_564.png
spruce,55.00%,/content/drive/My Drive/CNN_lager_dataset/images_tobeclassified/unlabeled-images/tree_565.png
birch,58.74%,/content/drive/My Drive/CNN_lager_dataset/images_tobeclassified/unlabeled-images/tree_566.png
spruce,53.76%,/content/drive/My Drive/CNN_lager_dataset/images_tobeclassified/unlabeled-images/tree_567.png
birch,50.39%,/content/drive/My Drive/CNN_lager_dataset/images_tobeclassified/unlabeled-images/tree_568.png
birch,63.59%,/content/drive/My Drive/CNN_lager_dataset/images_tobeclassified/unlabeled-images/tree_569.png
birch,54.41%,/content/drive/My Drive/CNN_lager_dataset/images_tobeclassified/unlabeled-images/tree_57.png
birch,62.26%,/content/drive/My Drive/CNN_lager_dataset/images_tobeclassified/unlabeled-images/tree_570.png
birch,53.72%,/content/drive/My Drive/CNN_lager_dataset/images_tobeclassified/unlabeled-images/tree_571.png
birch,65.76%,/content/drive/My Drive/CNN_lager_dataset/images_tobeclassified/unlabeled-images/tree_572.png
birch,70.25%,/content/drive/My Drive/CNN_lager_dataset/images_tobeclassified/unlabeled-images/tree_573.png
birch,63.78%,/content/drive/My Drive/CNN_lager_dataset/images_tobeclassified/unlabeled-images/tree_574.png
birch,60.70%,/content/drive/My Drive/CNN_lager_dataset/images_tobeclassified/unlabeled-images/tree_575.png
birch,67.61%,/content/drive/My Drive/CNN_lager_dataset/images_tobeclassified/unlabeled-images/tree_576.png
birch,56.36%,/content/drive/My Drive/CNN_lager_dataset/images_tobeclassified/unlabeled-images/tree_577.png
birch,68.19%,/content/drive/My Drive/CNN_lager_dataset/images_tobeclassified/unlabeled-images/tree_578.png
birch,61.90%,/content/drive/My Drive/CNN_lager_dataset/images_tobeclassified/unlabeled-images/tree_579.png
birch,60.05%,/content/drive/My Drive/CNN_lager_dataset/images_tobeclassified/unlabeled-images/tree_58.png
birch,64.01%,/content/drive/My Drive/CNN_lager_dataset/images_tobeclassified/unlabeled-images/tree_580.png
birch,59.16%,/content/drive/My Drive/CNN_lager_dataset/images_tobeclassified/unlabeled-images/tree_581.png
spruce,50.21%,/content/drive/My Drive/CNN_lager_dataset/images_tobeclassified/unlabeled-images/tree_582.png
birch,54.17%,/content/drive/My Drive/CNN_lager_dataset/images_tobeclassified/unlabeled-images/tree_583.png
birch,50.20%,/content/drive/My Drive/CNN_lager_dataset/images_tobeclassified/unlabeled-images/tree_584.png
birch,60.92%,/content/drive/My Drive/CNN_lager_dataset/images_tobeclassified/unlabeled-images/tree_585.png
spruce,51.73%,/content/drive/My Drive/CNN_lager_dataset/images_tobeclassified/unlabeled-images/tree_586.png
birch,54.89%,/content/drive/My Drive/CNN_lager_dataset/images_tobeclassified/unlabeled-images/tree_587.png
spruce,50.36%,/content/drive/My Drive/CNN_lager_dataset/images_tobeclassified/unlabeled-images/tree_588.png
spruce,51.79%,/content/drive/My Drive/CNN_lager_dataset/images_tobeclassified/unlabeled-images/tree_589.png
birch,61.65%,/content/drive/My Drive/CNN_lager_dataset/images_tobeclassified/unlabeled-images/tree_59.png
birch,56.18%,/content/drive/My Drive/CNN_lager_dataset/images_tobeclassified/unlabeled-images/tree_590.png
birch,67.17%,/content/drive/My Drive/CNN_lager_dataset/images_tobeclassified/unlabeled-images/tree_591.png
birch,51.81%,/content/drive/My Drive/CNN_lager_dataset/images_tobeclassified/unlabeled-images/tree_592.png
birch,56.22%,/content/drive/My Drive/CNN_lager_dataset/images_tobeclassified/unlabeled-images/tree_593.png
birch,50.91%,/content/drive/My Drive/CNN_lager_dataset/images_tobeclassified/unlabeled-images/tree_594.png
birch,52.44%,/content/drive/My Drive/CNN_lager_dataset/images_tobeclassified/unlabeled-images/tree_595.png
birch,62.64%,/content/drive/My Drive/CNN_lager_dataset/images_tobeclassified/unlabeled-images/tree_596.png
birch,61.07%,/content/drive/My Drive/CNN_lager_dataset/images_tobeclassified/unlabeled-images/tree_597.png
birch,56.84%,/content/drive/My Drive/CNN_lager_dataset/images_tobeclassified/unlabeled-images/tree_598.png
birch,59.16%,/content/drive/My Drive/CNN_lager_dataset/images_tobeclassified/unlabeled-images/tree_599.png
birch,61.51%,/content/drive/My Drive/CNN_lager_dataset/images_tobeclassified/unlabeled-images/tree_6.png
birch,65.25%,/content/drive/My Drive/CNN_lager_dataset/images_tobeclassified/unlabeled-images/tree_60.png
birch,57.58%,/content/drive/My Drive/CNN_lager_dataset/images_tobeclassified/unlabeled-images/tree_600.png
birch,68.03%,/content/drive/My Drive/CNN_lager_dataset/images_tobeclassified/unlabeled-images/tree_601.png
birch,62.42%,/content/drive/My Drive/CNN_lager_dataset/images_tobeclassified/unlabeled-images/tree_602.png
spruce,54.61%,/content/drive/My Drive/CNN_lager_dataset/images_tobeclassified/unlabeled-images/tree_603.png
spruce,56.89%,/content/drive/My Drive/CNN_lager_dataset/images_tobeclassified/unlabeled-images/tree_604.png
birch,63.07%,/content/drive/My Drive/CNN_lager_dataset/images_tobeclassified/unlabeled-images/tree_605.png
birch,50.74%,/content/drive/My Drive/CNN_lager_dataset/images_tobeclassified/unlabeled-images/tree_606.png
spruce,53.46%,/content/drive/My Drive/CNN_lager_dataset/images_tobeclassified/unlabeled-images/tree_607.png
birch,57.95%,/content/drive/My Drive/CNN_lager_dataset/images_tobeclassified/unlabeled-images/tree_608.png
birch,63.54%,/content/drive/My Drive/CNN_lager_dataset/images_tobeclassified/unlabeled-images/tree_609.png
birch,80.19%,/content/drive/My Drive/CNN_lager_dataset/images_tobeclassified/unlabeled-images/tree_61.png
birch,62.32%,/content/drive/My Drive/CNN_lager_dataset/images_tobeclassified/unlabeled-images/tree_610.png
birch,51.58%,/content/drive/My Drive/CNN_lager_dataset/images_tobeclassified/unlabeled-images/tree_611.png
birch,65.90%,/content/drive/My Drive/CNN_lager_dataset/images_tobeclassified/unlabeled-images/tree_612.png
birch,51.80%,/content/drive/My Drive/CNN_lager_dataset/images_tobeclassified/unlabeled-images/tree_613.png
birch,61.49%,/content/drive/My Drive/CNN_lager_dataset/images_tobeclassified/unlabeled-images/tree_614.png
birch,60.12%,/content/drive/My Drive/CNN_lager_dataset/images_tobeclassified/unlabeled-images/tree_615.png
birch,58.62%,/content/drive/My Drive/CNN_lager_dataset/images_tobeclassified/unlabeled-images/tree_616.png
birch,54.26%,/content/drive/My Drive/CNN_lager_dataset/images_tobeclassified/unlabeled-images/tree_617.png
birch,64.61%,/content/drive/My Drive/CNN_lager_dataset/images_tobeclassified/unlabeled-images/tree_618.png
birch,54.30%,/content/drive/My Drive/CNN_lager_dataset/images_tobeclassified/unlabeled-images/tree_619.png
birch,57.13%,/content/drive/My Drive/CNN_lager_dataset/images_tobeclassified/unlabeled-images/tree_62.png
birch,56.92%,/content/drive/My Drive/CNN_lager_dataset/images_tobeclassified/unlabeled-images/tree_620.png
birch,57.19%,/content/drive/My Drive/CNN_lager_dataset/images_tobeclassified/unlabeled-images/tree_621.png
birch,66.79%,/content/drive/My Drive/CNN_lager_dataset/images_tobeclassified/unlabeled-images/tree_622.png
birch,61.40%,/content/drive/My Drive/CNN_lager_dataset/images_tobeclassified/unlabeled-images/tree_623.png
birch,68.58%,/content/drive/My Drive/CNN_lager_dataset/images_tobeclassified/unlabeled-images/tree_624.png
birch,55.62%,/content/drive/My Drive/CNN_lager_dataset/images_tobeclassified/unlabeled-images/tree_625.png
birch,58.50%,/content/drive/My Drive/CNN_lager_dataset/images_tobeclassified/unlabeled-images/tree_626.png
birch,70.53%,/content/drive/My Drive/CNN_lager_dataset/images_tobeclassified/unlabeled-images/tree_627.png
birch,78.05%,/content/drive/My Drive/CNN_lager_dataset/images_tobeclassified/unlabeled-images/tree_628.png
birch,67.51%,/content/drive/My Drive/CNN_lager_dataset/images_tobeclassified/unlabeled-images/tree_629.png
birch,55.54%,/content/drive/My Drive/CNN_lager_dataset/images_tobeclassified/unlabeled-images/tree_63.png
birch,68.09%,/content/drive/My Drive/CNN_lager_dataset/images_tobeclassified/unlabeled-images/tree_630.png
birch,55.70%,/content/drive/My Drive/CNN_lager_dataset/images_tobeclassified/unlabeled-images/tree_631.png
birch,78.60%,/content/drive/My Drive/CNN_lager_dataset/images_tobeclassified/unlabeled-images/tree_632.png
birch,54.74%,/content/drive/My Drive/CNN_lager_dataset/images_tobeclassified/unlabeled-images/tree_633.png
birch,61.41%,/content/drive/My Drive/CNN_lager_dataset/images_tobeclassified/unlabeled-images/tree_634.png
birch,59.81%,/content/drive/My Drive/CNN_lager_dataset/images_tobeclassified/unlabeled-images/tree_635.png
spruce,52.00%,/content/drive/My Drive/CNN_lager_dataset/images_tobeclassified/unlabeled-images/tree_636.png
spruce,52.06%,/content/drive/My Drive/CNN_lager_dataset/images_tobeclassified/unlabeled-images/tree_637.png
birch,58.38%,/content/drive/My Drive/CNN_lager_dataset/images_tobeclassified/unlabeled-images/tree_638.png
spruce,52.61%,/content/drive/My Drive/CNN_lager_dataset/images_tobeclassified/unlabeled-images/tree_639.png
birch,67.08%,/content/drive/My Drive/CNN_lager_dataset/images_tobeclassified/unlabeled-images/tree_64.png
birch,52.30%,/content/drive/My Drive/CNN_lager_dataset/images_tobeclassified/unlabeled-images/tree_640.png
birch,55.97%,/content/drive/My Drive/CNN_lager_dataset/images_tobeclassified/unlabeled-images/tree_641.png
spruce,51.17%,/content/drive/My Drive/CNN_lager_dataset/images_tobeclassified/unlabeled-images/tree_642.png
birch,50.48%,/content/drive/My Drive/CNN_lager_dataset/images_tobeclassified/unlabeled-images/tree_643.png
birch,60.49%,/content/drive/My Drive/CNN_lager_dataset/images_tobeclassified/unlabeled-images/tree_644.png
spruce,51.24%,/content/drive/My Drive/CNN_lager_dataset/images_tobeclassified/unlabeled-images/tree_645.png
spruce,49.57%,/content/drive/My Drive/CNN_lager_dataset/images_tobeclassified/unlabeled-images/tree_646.png
birch,60.82%,/content/drive/My Drive/CNN_lager_dataset/images_tobeclassified/unlabeled-images/tree_647.png
spruce,50.34%,/content/drive/My Drive/CNN_lager_dataset/images_tobeclassified/unlabeled-images/tree_648.png
birch,56.68%,/content/drive/My Drive/CNN_lager_dataset/images_tobeclassified/unlabeled-images/tree_649.png
birch,58.29%,/content/drive/My Drive/CNN_lager_dataset/images_tobeclassified/unlabeled-images/tree_65.png
birch,57.98%,/content/drive/My Drive/CNN_lager_dataset/images_tobeclassified/unlabeled-images/tree_650.png
spruce,50.04%,/content/drive/My Drive/CNN_lager_dataset/images_tobeclassified/unlabeled-images/tree_651.png
spruce,52.54%,/content/drive/My Drive/CNN_lager_dataset/images_tobeclassified/unlabeled-images/tree_652.png
spruce,53.78%,/content/drive/My Drive/CNN_lager_dataset/images_tobeclassified/unlabeled-images/tree_653.png
birch,53.90%,/content/drive/My Drive/CNN_lager_dataset/images_tobeclassified/unlabeled-images/tree_654.png
birch,67.76%,/content/drive/My Drive/CNN_lager_dataset/images_tobeclassified/unlabeled-images/tree_655.png
birch,58.96%,/content/drive/My Drive/CNN_lager_dataset/images_tobeclassified/unlabeled-images/tree_656.png
birch,81.94%,/content/drive/My Drive/CNN_lager_dataset/images_tobeclassified/unlabeled-images/tree_657.png
birch,71.58%,/content/drive/My Drive/CNN_lager_dataset/images_tobeclassified/unlabeled-images/tree_658.png
birch,82.70%,/content/drive/My Drive/CNN_lager_dataset/images_tobeclassified/unlabeled-images/tree_659.png
birch,60.05%,/content/drive/My Drive/CNN_lager_dataset/images_tobeclassified/unlabeled-images/tree_66.png
birch,54.54%,/content/drive/My Drive/CNN_lager_dataset/images_tobeclassified/unlabeled-images/tree_660.png
birch,60.19%,/content/drive/My Drive/CNN_lager_dataset/images_tobeclassified/unlabeled-images/tree_661.png
birch,62.16%,/content/drive/My Drive/CNN_lager_dataset/images_tobeclassified/unlabeled-images/tree_662.png
birch,52.72%,/content/drive/My Drive/CNN_lager_dataset/images_tobeclassified/unlabeled-images/tree_663.png
birch,63.04%,/content/drive/My Drive/CNN_lager_dataset/images_tobeclassified/unlabeled-images/tree_664.png
birch,57.08%,/content/drive/My Drive/CNN_lager_dataset/images_tobeclassified/unlabeled-images/tree_665.png
birch,56.29%,/content/drive/My Drive/CNN_lager_dataset/images_tobeclassified/unlabeled-images/tree_666.png
birch,72.82%,/content/drive/My Drive/CNN_lager_dataset/images_tobeclassified/unlabeled-images/tree_667.png
birch,56.86%,/content/drive/My Drive/CNN_lager_dataset/images_tobeclassified/unlabeled-images/tree_668.png
birch,83.63%,/content/drive/My Drive/CNN_lager_dataset/images_tobeclassified/unlabeled-images/tree_669.png
birch,57.30%,/content/drive/My Drive/CNN_lager_dataset/images_tobeclassified/unlabeled-images/tree_67.png
birch,84.34%,/content/drive/My Drive/CNN_lager_dataset/images_tobeclassified/unlabeled-images/tree_670.png
birch,76.11%,/content/drive/My Drive/CNN_lager_dataset/images_tobeclassified/unlabeled-images/tree_671.png
birch,59.65%,/content/drive/My Drive/CNN_lager_dataset/images_tobeclassified/unlabeled-images/tree_672.png
birch,68.96%,/content/drive/My Drive/CNN_lager_dataset/images_tobeclassified/unlabeled-images/tree_68.png
birch,81.52%,/content/drive/My Drive/CNN_lager_dataset/images_tobeclassified/unlabeled-images/tree_69.png
birch,60.34%,/content/drive/My Drive/CNN_lager_dataset/images_tobeclassified/unlabeled-images/tree_7.png
birch,51.06%,/content/drive/My Drive/CNN_lager_dataset/images_tobeclassified/unlabeled-images/tree_70.png
birch,89.35%,/content/drive/My Drive/CNN_lager_dataset/images_tobeclassified/unlabeled-images/tree_71.png
birch,82.39%,/content/drive/My Drive/CNN_lager_dataset/images_tobeclassified/unlabeled-images/tree_72.png
birch,59.52%,/content/drive/My Drive/CNN_lager_dataset/images_tobeclassified/unlabeled-images/tree_73.png
birch,59.96%,/content/drive/My Drive/CNN_lager_dataset/images_tobeclassified/unlabeled-images/tree_74.png
birch,55.86%,/content/drive/My Drive/CNN_lager_dataset/images_tobeclassified/unlabeled-images/tree_75.png
birch,66.60%,/content/drive/My Drive/CNN_lager_dataset/images_tobeclassified/unlabeled-images/tree_76.png
birch,69.62%,/content/drive/My Drive/CNN_lager_dataset/images_tobeclassified/unlabeled-images/tree_77.png
birch,63.22%,/content/drive/My Drive/CNN_lager_dataset/images_tobeclassified/unlabeled-images/tree_78.png
birch,59.93%,/content/drive/My Drive/CNN_lager_dataset/images_tobeclassified/unlabeled-images/tree_79.png
birch,79.15%,/content/drive/My Drive/CNN_lager_dataset/images_tobeclassified/unlabeled-images/tree_8.png
birch,80.81%,/content/drive/My Drive/CNN_lager_dataset/images_tobeclassified/unlabeled-images/tree_80.png
birch,73.69%,/content/drive/My Drive/CNN_lager_dataset/images_tobeclassified/unlabeled-images/tree_81.png
birch,61.42%,/content/drive/My Drive/CNN_lager_dataset/images_tobeclassified/unlabeled-images/tree_82.png
birch,65.74%,/content/drive/My Drive/CNN_lager_dataset/images_tobeclassified/unlabeled-images/tree_83.png
birch,49.53%,/content/drive/My Drive/CNN_lager_dataset/images_tobeclassified/unlabeled-images/tree_84.png
birch,71.11%,/content/drive/My Drive/CNN_lager_dataset/images_tobeclassified/unlabeled-images/tree_85.png
birch,55.80%,/content/drive/My Drive/CNN_lager_dataset/images_tobeclassified/unlabeled-images/tree_86.png
birch,58.07%,/content/drive/My Drive/CNN_lager_dataset/images_tobeclassified/unlabeled-images/tree_87.png
birch,84.75%,/content/drive/My Drive/CNN_lager_dataset/images_tobeclassified/unlabeled-images/tree_88.png
birch,65.22%,/content/drive/My Drive/CNN_lager_dataset/images_tobeclassified/unlabeled-images/tree_89.png
birch,80.85%,/content/drive/My Drive/CNN_lager_dataset/images_tobeclassified/unlabeled-images/tree_9.png
birch,79.85%,/content/drive/My Drive/CNN_lager_dataset/images_tobeclassified/unlabeled-images/tree_90.png
birch,67.65%,/content/drive/My Drive/CNN_lager_dataset/images_tobeclassified/unlabeled-images/tree_91.png
spruce,55.73%,/content/drive/My Drive/CNN_lager_dataset/images_tobeclassified/unlabeled-images/tree_92.png
birch,70.55%,/content/drive/My Drive/CNN_lager_dataset/images_tobeclassified/unlabeled-images/tree_93.png
spruce,51.87%,/content/drive/My Drive/CNN_lager_dataset/images_tobeclassified/unlabeled-images/tree_94.png
birch,78.97%,/content/drive/My Drive/CNN_lager_dataset/images_tobeclassified/unlabeled-images/tree_95.png
birch,65.21%,/content/drive/My Drive/CNN_lager_dataset/images_tobeclassified/unlabeled-images/tree_96.png
birch,72.24%,/content/drive/My Drive/CNN_lager_dataset/images_tobeclassified/unlabeled-images/tree_97.png
birch,49.53%,/content/drive/My Drive/CNN_lager_dataset/images_tobeclassified/unlabeled-images/tree_98.png
birch,53.32%,/content/drive/My Drive/CNN_lager_dataset/images_tobeclassified/unlabeled-images/tree_99.png
